INSERT INTO `user`(`id`, `login`, `_password`, `first_name`, `middle_name`, `last_name`, `department_id`) VALUES
(2,'admin','21232f297a57a5a743894a0e4a801fc3','M','IN','AD',1),
(17,'login_0','480335867a6c40d7bd4cf04e184910cc','д_first_name_4','ж_middle_name_2','б_last_name_4',13),
(18,'login_1','e81b90f3ee27f42bb010251021b1fc09','в_first_name_1','е_middle_name_3','б_last_name_1',18),
(19,'login_2','3c681bd9a527167284e1f67a9da4f4dc','г_first_name_4','б_middle_name_5','а_last_name_4',6),
(20,'login_3','3466c36ad772ab4e32e6ea6e7a59e142','г_first_name_7','а_middle_name_3','а_last_name_4',13),
(21,'login_4','97b701a71f43ccd4dca24feb29df7437','д_first_name_4','в_middle_name_1','б_last_name_5',9),
(22,'login_5','c229057e314d8a101702264ae2d64a13','д_first_name_2','г_middle_name_2','б_last_name_5',12),
(23,'login_6','ae124a46443f2868dbd0c1665fb85213','в_first_name_5','ж_middle_name_3','г_last_name_7',15),
(24,'login_7','3d7821430f38a791164410ef934155cd','в_first_name_4','ж_middle_name_6','в_last_name_6',11),
(25,'login_8','0bc4f165105acd193c3ddad5672956ca','е_first_name_3','е_middle_name_2','г_last_name_7',19),
(26,'login_9','f330516dbcd7504fedf07e934089557a','г_first_name_7','е_middle_name_7','б_last_name_3',3),
(27,'login_10','f2e90b34c2bde282ff988f3d3ced734b','б_first_name_4','г_middle_name_7','а_last_name_3',5),
(28,'login_11','b21b23bae698ab63d9746ba7d1401de4','а_first_name_1','в_middle_name_3','г_last_name_2',7),
(29,'login_12','2c542f277cd705fc8bfcd54efbc89604','е_first_name_2','б_middle_name_7','ж_last_name_3',5),
(30,'login_13','dced49e07a4e6b6ee7e073158ebfff5c','д_first_name_5','е_middle_name_1','г_last_name_3',17),
(31,'login_14','05575029ed5bf5a82563c36c52c8833a','б_first_name_7','в_middle_name_5','е_last_name_7',4),
(32,'login_15','16c410eac5927863d155c2ee6c24510a','а_first_name_6','ж_middle_name_5','в_last_name_2',5),
(33,'login_16','915b739f434adea3b1f963775029810c','а_first_name_6','е_middle_name_7','в_last_name_7',6),
(34,'login_17','1ba82db7e8f64785a3a5e3d0a4b908a7','е_first_name_3','е_middle_name_7','а_last_name_3',20),
(35,'login_18','7efdb5dc193455bdc62449490330fa15','е_first_name_6','в_middle_name_3','е_last_name_4',8),
(36,'login_19','18cfd99b28f8dc871ede57148f7054c0','е_first_name_3','ж_middle_name_4','ж_last_name_5',2),
(37,'login_20','958b6c7a0d268d2df73684f65ba1e5ce','в_first_name_3','г_middle_name_2','в_last_name_5',14),
(38,'login_21','06a8334112023ba590adaac6ef58598b','е_first_name_4','в_middle_name_2','а_last_name_2',7),
(39,'login_22','533ee5d32c52fc96052e419410ded370','б_first_name_6','ж_middle_name_3','б_last_name_1',13),
(40,'login_23','811767df4eff57554679b2b02179bce5','в_first_name_5','а_middle_name_6','ж_last_name_4',20),
(41,'login_24','331b16edff99844e4c1cd4c2f3a54810','в_first_name_3','ж_middle_name_5','а_last_name_3',9),
(42,'login_25','ddeb45325665923218d96d4157477e21','е_first_name_2','е_middle_name_7','а_last_name_5',2),
(43,'login_26','36a61700fa9c01a2cb9cee99200158cd','в_first_name_4','б_middle_name_4','д_last_name_4',11),
(44,'login_27','64735ccdae07575f33faf61b47882fd1','д_first_name_3','г_middle_name_6','д_last_name_5',9),
(45,'login_28','58f3ba2bd356652d211b697de62908f8','г_first_name_6','в_middle_name_7','г_last_name_5',8),
(46,'login_29','a4c4f86301d807d2c59452ba2739e9db','а_first_name_6','а_middle_name_1','д_last_name_7',2),
(47,'login_30','32e5f366db7235f929eecfce36d7000d','е_first_name_6','е_middle_name_1','д_last_name_7',14),
(48,'login_31','ca975358dfbb216fccd9874e1ce5522c','а_first_name_3','е_middle_name_4','г_last_name_1',20),
(49,'login_32','5db8e07aaaefa4942f39ac4e59cb9e42','д_first_name_1','ж_middle_name_2','г_last_name_2',1),
(50,'login_33','4159ee8f9522b65156dd151884d72602','е_first_name_2','ж_middle_name_5','д_last_name_2',9),
(51,'login_34','4ecc524ca079fb3bd8bdf6d58ba3755a','ж_first_name_5','а_middle_name_4','е_last_name_3',3),
(52,'login_35','c464c274fe00fdd6730f5fd0354ebc9b','е_first_name_5','в_middle_name_6','а_last_name_4',17),
(53,'login_36','f4b15fb62fac5f357575153cd2884c7f','б_first_name_5','г_middle_name_2','д_last_name_1',10),
(54,'login_37','560acffb47c5cc0a4b45ba03e6e8b3dc','е_first_name_1','в_middle_name_2','г_last_name_4',1),
(55,'login_38','6fe8649487050d9692d805aaa5679ad2','г_first_name_1','в_middle_name_3','г_last_name_2',13),
(56,'login_39','8a31b2c81e95a776eb6f2c1cdc64eca7','в_first_name_4','е_middle_name_7','е_last_name_3',20),
(57,'login_40','80d4b99af27177b9e7dad1c6e4b16f24','б_first_name_6','д_middle_name_6','г_last_name_4',2),
(58,'login_41','a5250dcfa22cae13e950005c4d48f72e','ж_first_name_4','ж_middle_name_4','г_last_name_5',9),
(59,'login_42','7a3de0431419c150f72fa52e49a9be5c','в_first_name_7','е_middle_name_1','ж_last_name_1',4),
(60,'login_43','8eba41cdf5fb6ba4e07aebbff9c834f3','г_first_name_6','а_middle_name_5','д_last_name_6',13),
(61,'login_44','fce86914fc4ee053359f3d9ece46ff72','в_first_name_2','а_middle_name_1','г_last_name_2',17),
(62,'login_45','6400396a0e6626d9692ad95979b8c55a','д_first_name_5','д_middle_name_5','ж_last_name_3',17),
(63,'login_46','ce434f951abdc9a45b1ba69a6aa33c68','в_first_name_2','г_middle_name_4','д_last_name_3',8),
(64,'login_47','ba9977b5e42b5dd676e9ff6215dccccf','д_first_name_5','г_middle_name_7','в_last_name_3',1),
(65,'login_48','6a91c789452636c57493fcf13d5370d8','а_first_name_1','ж_middle_name_1','в_last_name_6',19),
(66,'login_49','d572b5188e04ba4ca982e06861c70a82','г_first_name_3','в_middle_name_5','б_last_name_1',5),
(67,'login_50','ab66702a0580f7399646e89e8dc030d9','ж_first_name_5','б_middle_name_5','ж_last_name_4',1),
(68,'login_51','8e2544d80268a06ff95cc1488b2321aa','г_first_name_7','а_middle_name_3','г_last_name_1',15),
(69,'login_52','96239ce6f82d5a70b58923c6da5b64f5','е_first_name_2','ж_middle_name_1','д_last_name_2',1),
(70,'login_53','19eb757de709f9aad62b6195f4bb02fc','е_first_name_3','в_middle_name_3','б_last_name_7',9),
(71,'login_54','55bbc62cbe5a4169e06723dd392b55aa','ж_first_name_6','г_middle_name_1','г_last_name_2',4),
(72,'login_55','23432a2b59411feb864d3871e5f69008','ж_first_name_6','а_middle_name_3','ж_last_name_4',14),
(73,'login_56','ca654818fe9be0be9e954b886731f8d6','ж_first_name_4','д_middle_name_1','д_last_name_1',17),
(74,'login_57','86baf14e156e2e56fa74f8889e16160e','д_first_name_6','д_middle_name_7','а_last_name_2',1),
(75,'login_58','bf9977583a67c47d07f31dc53a31a91b','а_first_name_3','б_middle_name_7','ж_last_name_2',19),
(76,'login_59','f8c582a9886b155c2732aa2eff11d4cc','д_first_name_2','ж_middle_name_7','в_last_name_1',8),
(77,'login_60','55190622ea567b64203568b8a4642ab0','г_first_name_5','ж_middle_name_7','д_last_name_1',5),
(78,'login_61','1b95939eb3c693e8c1afe6fd9edb7b63','в_first_name_6','в_middle_name_5','ж_last_name_3',18),
(79,'login_62','53d88a5e721f40e89232dc60016027a0','а_first_name_7','г_middle_name_4','д_last_name_7',8),
(80,'login_63','d3f57b5da2d198c4ec6cfc21066a9d4f','б_first_name_2','г_middle_name_3','г_last_name_1',16),
(81,'login_64','db0e4edc59e5ab1e8c87654bf36c054e','е_first_name_4','б_middle_name_5','б_last_name_5',15),
(82,'login_65','30304cd51707a6f87f37885a04dd2824','ж_first_name_6','д_middle_name_2','г_last_name_7',3),
(83,'login_66','c5a006069faebee43e8285c93987ce83','а_first_name_2','г_middle_name_6','б_last_name_3',10),
(84,'login_67','241c49194018eca848a3c85792837311','д_first_name_5','е_middle_name_2','ж_last_name_1',11),
(85,'login_68','d58b4df3661256ac56e39961ae65a2d4','д_first_name_3','в_middle_name_3','а_last_name_6',13),
(86,'login_69','987b477d88e43a691500942ea9a0bd2a','д_first_name_6','д_middle_name_2','а_last_name_5',16),
(87,'login_70','c7974fb1602b17a46e6b330052be50d7','д_first_name_2','ж_middle_name_6','а_last_name_6',1),
(88,'login_71','e5dc6b3aa3d9f1a1a22903ee892a4a74','д_first_name_5','в_middle_name_4','г_last_name_2',15),
(89,'login_72','ff33c0d2217b2222f3e4b5408e90d6fd','г_first_name_3','г_middle_name_1','б_last_name_6',11),
(90,'login_73','88aead642a56008906940bd990d5f0a9','ж_first_name_7','а_middle_name_7','б_last_name_3',9),
(91,'login_74','2ca0a179cb303c038ba8735ea2406c5e','г_first_name_1','г_middle_name_7','г_last_name_6',9),
(92,'login_75','0462370272caccbae6fd2e87bc3eefea','г_first_name_3','д_middle_name_1','е_last_name_2',6),
(93,'login_76','5177cfa72115663725ec1b7dc35ac583','в_first_name_4','д_middle_name_1','ж_last_name_7',3),
(94,'login_77','a28ed05c0fd94eed0eb501dcaac3ec08','ж_first_name_7','д_middle_name_7','е_last_name_3',6),
(95,'login_78','bf215f90ef04a4a022800047bd6cd6f8','ж_first_name_5','ж_middle_name_3','е_last_name_4',18),
(96,'login_79','e778a7ed0ef1c7dbfb8fec26c182ea63','а_first_name_3','б_middle_name_3','ж_last_name_1',3),
(97,'login_80','cd18d647bf268e349ac22ab350ee4b3e','в_first_name_2','д_middle_name_2','в_last_name_1',14),
(98,'login_81','4f84b6f37837d04f354341a897c3bd45','е_first_name_7','г_middle_name_6','а_last_name_3',3),
(99,'login_82','a417c9097c328d6c3f8a93a24cd4b630','б_first_name_1','б_middle_name_6','е_last_name_4',13),
(100,'login_83','57d47b5dff0494a705e892d6c86633ce','е_first_name_4','а_middle_name_3','а_last_name_7',18),
(101,'login_84','ac48e1defeb5e3e319808f3d9fc0d181','д_first_name_4','в_middle_name_4','д_last_name_7',1),
(102,'login_85','08776593980fb4c9f3875823bec6162c','е_first_name_5','г_middle_name_3','г_last_name_7',17),
(103,'login_86','5cbb56cfd288eb25c914978779acbac2','ж_first_name_3','б_middle_name_5','в_last_name_2',13),
(104,'login_87','38e9896c2681a10ae285307aef1bcf4c','д_first_name_1','г_middle_name_3','а_last_name_3',19),
(105,'login_88','f266d40ee1990000626b3a1971183ff9','б_first_name_4','в_middle_name_4','б_last_name_4',3),
(106,'login_89','05ce0d435b6f4bec958d3abb2c4c860a','б_first_name_7','е_middle_name_5','д_last_name_7',14),
(107,'login_90','dec4613e856066662c3ee6dfafac5822','д_first_name_2','а_middle_name_6','г_last_name_2',5),
(108,'login_91','f3598054b8bc2e9ead23846c9ca6bb11','е_first_name_5','а_middle_name_1','ж_last_name_6',10),
(109,'login_92','ae2ce27d5e7ebedcddc48c9068711778','б_first_name_2','г_middle_name_3','е_last_name_2',19),
(110,'login_93','7d544d0c7bea1d03695857f888d7a487','б_first_name_6','г_middle_name_7','е_last_name_4',20),
(111,'login_94','ab3085a31ab54e878ea03302359ffb32','д_first_name_1','в_middle_name_3','е_last_name_7',15),
(112,'login_95','16ec0ab2c9a01583efe678df98fbf33f','а_first_name_1','ж_middle_name_5','д_last_name_5',11),
(113,'login_96','55b9c8bb638ac5b5593d1a65b33a6552','в_first_name_1','а_middle_name_3','д_last_name_6',12),
(114,'login_97','2ca1d4b185ad6878e5c60616f5d448df','а_first_name_4','а_middle_name_3','г_last_name_2',14),
(115,'login_98','364619769245e708adef869de6ae9184','д_first_name_7','ж_middle_name_4','г_last_name_6',6),
(116,'login_99','6596185c21965d9ee710ca5e8f3ee1e6','е_first_name_3','г_middle_name_3','а_last_name_5',15);

INSERT INTO `usergroup` (`id`, `login`, `usergroup`) VALUES
(2,'admin','ADMINISTRATORS'),(13,'login_0','DEPARTMENT_OFFICERS'),
(14,'login_1','ADMINISTRATORS'),(23,'login_10','ADMINISTRATORS'),(24,'login_11','ADMINISTRATORS'),
(25,'login_12','DEPARTMENT_OFFICERS'),(26,'login_13','LOCAL_OFFICERS'),(27,'login_14','ADMINISTRATORS'),
(28,'login_15','LOCAL_OFFICERS'),(29,'login_16','DEPARTMENT_OFFICERS'),(30,'login_17','LOCAL_OFFICERS'),
(31,'login_18','ADMINISTRATORS'),(32,'login_19','DEPARTMENT_OFFICERS'),(15,'login_2','DEPARTMENT_OFFICERS'),
(33,'login_20','DEPARTMENT_OFFICERS'),(34,'login_21','DEPARTMENT_OFFICERS'),(35,'login_22','ADMINISTRATORS'),
(36,'login_23','LOCAL_OFFICERS'),(37,'login_24','DEPARTMENT_OFFICERS'),(38,'login_25','LOCAL_OFFICERS'),
(39,'login_26','ADMINISTRATORS'),(40,'login_27','ADMINISTRATORS'),(41,'login_28','DEPARTMENT_OFFICERS'),
(42,'login_29','LOCAL_OFFICERS'),(16,'login_3','LOCAL_OFFICERS'),(43,'login_30','ADMINISTRATORS'),
(44,'login_31','DEPARTMENT_OFFICERS'),(45,'login_32','LOCAL_OFFICERS'),(46,'login_33','ADMINISTRATORS'),
(47,'login_34','LOCAL_OFFICERS'),(48,'login_35','DEPARTMENT_OFFICERS'),(49,'login_36','LOCAL_OFFICERS'),
(50,'login_37','DEPARTMENT_OFFICERS'),(51,'login_38','LOCAL_OFFICERS'),(52,'login_39','LOCAL_OFFICERS'),
(17,'login_4','ADMINISTRATORS'),(53,'login_40','DEPARTMENT_OFFICERS'),(54,'login_41','DEPARTMENT_OFFICERS'),
(55,'login_42','DEPARTMENT_OFFICERS'),(56,'login_43','DEPARTMENT_OFFICERS'),(57,'login_44','ADMINISTRATORS'),
(58,'login_45','LOCAL_OFFICERS'),(59,'login_46','ADMINISTRATORS'),(60,'login_47','LOCAL_OFFICERS'),
(61,'login_48','LOCAL_OFFICERS'),(62,'login_49','ADMINISTRATORS'),(18,'login_5','ADMINISTRATORS'),
(63,'login_50','DEPARTMENT_OFFICERS'),(64,'login_51','ADMINISTRATORS'),(65,'login_52','ADMINISTRATORS'),
(66,'login_53','LOCAL_OFFICERS'),(67,'login_54','DEPARTMENT_OFFICERS'),(68,'login_55','ADMINISTRATORS'),
(69,'login_56','LOCAL_OFFICERS'),(70,'login_57','LOCAL_OFFICERS'),(71,'login_58','ADMINISTRATORS'),
(72,'login_59','DEPARTMENT_OFFICERS'),(19,'login_6','ADMINISTRATORS'),(73,'login_60','DEPARTMENT_OFFICERS'),
(74,'login_61','LOCAL_OFFICERS'),(75,'login_62','ADMINISTRATORS'),(76,'login_63','ADMINISTRATORS'),
(77,'login_64','DEPARTMENT_OFFICERS'),(78,'login_65','DEPARTMENT_OFFICERS'),(79,'login_66','ADMINISTRATORS'),
(80,'login_67','LOCAL_OFFICERS'),(81,'login_68','DEPARTMENT_OFFICERS'),(82,'login_69','ADMINISTRATORS'),
(20,'login_7','ADMINISTRATORS'),(83,'login_70','DEPARTMENT_OFFICERS'),(84,'login_71','ADMINISTRATORS'),
(85,'login_72','LOCAL_OFFICERS'),(86,'login_73','LOCAL_OFFICERS'),(87,'login_74','LOCAL_OFFICERS'),
(88,'login_75','LOCAL_OFFICERS'),(89,'login_76','LOCAL_OFFICERS'),(90,'login_77','DEPARTMENT_OFFICERS'),
(91,'login_78','ADMINISTRATORS'),(92,'login_79','LOCAL_OFFICERS'),(21,'login_8','ADMINISTRATORS'),
(93,'login_80','ADMINISTRATORS'),(94,'login_81','ADMINISTRATORS'),(95,'login_82','ADMINISTRATORS'),
(96,'login_83','DEPARTMENT_OFFICERS'),(97,'login_84','ADMINISTRATORS'),(98,'login_85','DEPARTMENT_OFFICERS'),
(99,'login_86','LOCAL_OFFICERS'),(100,'login_87','DEPARTMENT_OFFICERS'),(101,'login_88','ADMINISTRATORS'),
(102,'login_89','DEPARTMENT_OFFICERS'),(22,'login_9','ADMINISTRATORS'),(103,'login_90','ADMINISTRATORS'),
(104,'login_91','DEPARTMENT_OFFICERS'),(105,'login_92','DEPARTMENT_OFFICERS'),(106,'login_93','ADMINISTRATORS'),
(107,'login_94','LOCAL_OFFICERS'),(108,'login_95','LOCAL_OFFICERS'),(109,'login_96','ADMINISTRATORS'),
(110,'login_97','DEPARTMENT_OFFICERS'),(111,'login_98','ADMINISTRATORS'),(112,'login_99','DEPARTMENT_OFFICERS');

INSERT INTO `stringculture`(`id`, `locale`, `value`) VALUES
(38,'en','Получатель 1'),(38,'ru','Получатель 1'),(39,'en','Получатель 2'),(39,'ru','Получатель 2'),
(40,'en','Получатель 3'),(40,'ru','Получатель 3'),(41,'en','Отправитель 1'),(41,'ru','Отправитель 1'),
(42,'en','Отправитель 2'),(42,'ru','Отправитель 2'),(43,'en','Отправитель 3'),(43,'ru','Отправитель 3'),
(44,'en','Производитель 1'),(44,'ru','Производитель 1'),
(45,'en','Производитель 2'),(45,'ru','Производитель 2'),(46,'en','Производитель 3'),(46,'ru','Производитель 3'),
(47,'en','тонна'),(47,'ru','тонна'),(48,'en','голова'),(48,'ru','голова'),(49,'en','тыс. голов'),(49,'ru','тыс. голов'),
(50,'en','штука'),(50,'ru','штука'),(51,'en','тыс. штук'),(51,'ru','тыс. штук'),(52,'en','молоко отборное'),
(52,'ru','молоко  отборное'), (53,'en','хлеб белый'),(53,'ru','хлеб белый'),(54,'en','сыр алтайский'),
(54,'ru','сыр алтайский'),(55,'en','молоко отборное'),
(55,'ru','молоко отборное'),(56,'en','молоко топленое'),(56,'ru','молоко топленое'),(57,'en','литр'),
(57,'ru','литр'),(58,'en','молоко обезжиренное'),(58,'ru','молоко обезжиренное'),(59,'en','хлеб белый'),
(59,'ru','хлеб белый'),(60,'en','хлеб черный'),(60,'ru','хлеб черный'),(61,'en','сыр голландский'),
(61,'ru','сыр голландский'),(62,'en','сыр алтайский'),(62,'ru','сыр алтайский'),(63,'en','Пункт 1'),
(64,'ru','Вид1'), (65,'ru','Вид2'), (66,'ru','Вид3'),
(67, 'ru', 'Россия'), (67, 'en', 'Russia'), (68, 'ru', 'Англия'), (68, 'en', 'England'),
(69, 'ru', 'Таможня 1'), (70, 'ru', 'Таможня 2');

UPDATE `generator` SET `generatorValue` = 72 WHERE `generatorName` = 'books';

INSERT INTO `unit_type`(`id`, `name`) VALUES (1,47),(2,48),(3,49),(4,50),(5,51),(6,57);

INSERT INTO `cargo_type`(`id`, `name`, `ukt_zed_code`) VALUES (1,52,'2602000000'),(2,53,'2603000000'),(3,54,'2605000000');

INSERT INTO `cargo_mode`(`id`, `name`, `parent_id`) VALUES (3,66, null), (1,64,3), (2,65,3);

INSERT INTO `cargo_mode_cargo_type` VALUES (1, 1, CURRENT_TIMESTAMP), (1, 2, CURRENT_TIMESTAMP);

INSERT INTO `cargo_mode_unit_type` VALUES (1, 1, CURRENT_TIMESTAMP);

INSERT INTO `passing_border_point`(`id`, `name`, `department_id`) VALUES (1, 'Пункт 1', 17),(2, 'Пункт 2', 17),(3, 'Пункт 3', 17);
INSERT INTO `countrybook`(`id`, `name`) VALUES (1, 67), (2, 68);
INSERT INTO `cargo_producer`(`id`, `name`, `country_id`) VALUES (1,44, 1),(2,45, 1),(3,46, 2);

INSERT INTO `customs_point`(`id`, `name`) VALUES(1, 69), (2, 70);

UPDATE `department` d SET d.`custom_point_id` = 1 WHERE d.`id` = 2;

INSERT INTO `container_validator`(`id`, `prefix`, `carrier_abbr`, `carrier_name`) VALUES
    (1, 'AAAU', null, 'Asia Container Leasing'),
    (2, 'ACLU', 'ACL', 'Atlantic Container Line'),
    (3, 'ACXU', 'Atlantic Cargo', 'Atlantic Cargo');

INSERT INTO `document_cargo`(`id`, `client_id`, `department_id`, `creator_id`, `cargo_mode_id`, `created`, `updated`, `movement_type_id`,
                                `vehicle_type`, `cargo_sender_name`, `cargo_sender_country_id`, `cargo_receiver_name`,
                                `cargo_receiver_address`, `passing_border_point_id`, `details`, `detention_details`, `sync_status`)
                                VALUES
                  (1,1,17,30,1, '2010-01-15 17:59:09', '2010-01-15 17:59:09', 1,'CAR', 'sender 1',1, 'receiver 1', 'receiver 1 address', 1, 'примечание 3','задержан 2', 'NOT_SYNCHRONIZED'),
                  (2,1,17,30,1, '2010-02-15 17:48:00', '2010-02-15 17:48:00', 1,'SHIP', 'sender 2',1,'receiver 2', 'receiver 2 address', 2, 'примечание','задержан', 'NOT_SYNCHRONIZED'),
                  (3,1,17,30,1, '2010-02-16 17:48:00', '2010-02-16 17:48:00', 3,'CONTAINER', 'sender 3',1,'receiver 3', 'receiver 3 address', 3, 'примечание','задержан', 'NOT_SYNCHRONIZED'),
                  (4,1,17,30,1, '2010-03-30 17:48:00', '2010-03-30 17:48:00', 1,'CARRIAGE', 'sender 1',2,'receiver 1', 'receiver 1 address', 1, 'примечание','задержан', 'NOT_SYNCHRONIZED'),
                  (5,1,17,30,1, '2010-03-31 17:48:00', '2010-03-31 17:48:00', 2,'AIRCRAFT', 'sender 2',2,'receiver 2', 'receiver 2 address', 2, 'примечание','задержан', 'NOT_SYNCHRONIZED'),
                  (6,1,17,30,1, '2010-02-16 17:25:00', '2010-02-16 17:25:00', 2,'CAR', 'sender 1',1,'receiver 1', 'receiver 1 address', 1, 'примечание','задержан', 'NOT_SYNCHRONIZED');

INSERT INTO `cargo`(`id`, `client_id`, `department_id`, `document_cargo_id`, `cargo_type_id`, `unit_type_id`, `cargo_producer_id`, `vehicle_id`,
 `count`, `certificate_date`, `certificate_details`, `sync_status`)
 VALUES (1,1,17,1,1,1,1,null,20,'2010-01-15','сертификат 1', 'NOT_SYNCHRONIZED'),
        (2,1,17,2,1,2,2,null,30,'2010-02-15','сертификат 2', 'NOT_SYNCHRONIZED'),
        (3,1,17,2,2,3,3,null,23,'2010-02-15','сертификат 2', 'NOT_SYNCHRONIZED'),
        (4,1,17,2,2,4,1,null,73,'2010-02-15','сертификат 2', 'NOT_SYNCHRONIZED'),
        (5,1,17,4,1,5,1,null,40, '2010-03-30', 'сертификат 3', 'NOT_SYNCHRONIZED'),
        (6,1,17,4,1,6,2,null,89, '2010-03-30', 'сертификат 3', 'NOT_SYNCHRONIZED'),
        (7,1,17,3,1,1,2,null,50,'2010-02-16', 'сертификат 4', 'NOT_SYNCHRONIZED');
