INSERT INTO `generator`(`generatorName`, `generatorValue`) VALUES ('books', 0);
INSERT INTO `generator`(`generatorName`, `generatorValue`) VALUES ('arrest_document', 0);
INSERT INTO `generator`(`generatorName`, `generatorValue`) VALUES ('cargo', 0);
INSERT INTO `generator`(`generatorName`, `generatorValue`) VALUES ('document_cargo', 0);
INSERT INTO `generator`(`generatorName`, `generatorValue`) VALUES ('vehicle', 0);

INSERT INTO `locales`(`language`, isSystem) VALUES ('ru', 1);
INSERT INTO `locales`(`language`) VALUES ('en');

-- departments
INSERT INTO `stringculture`(`id`, `locale`, `value`) VALUES (1, 'ru', 'Государственный комитет ветеринарной медицины'),
                                    (2, 'ru', 'Одеський РСДВСКН'),
                                    (3, 'ru', 'Арцизький ПДВСКН'),
                                    (4, 'ru', 'Б-Дністровський ПДВСКН'),
                                    (5, 'ru', 'Березінський ПДВСКН'),
                                    (6, 'ru', 'Болградський ПДВСКН'),
                                    (7, 'ru', 'Велико-Михайлівський ПДВСКН'),
                                    (8, 'ru', 'Вознесенський ПДВСКН'),
                                    (9, 'ru', 'Звенігородський ПДВСКН'),
                                    (10, 'ru', 'Знам\'янський ПДВСКН'),
                                    (11, 'ru', 'Ізмаїльський ПДВСКН'),
                                    (12, 'ru', 'Іллічівський ПДВСКН'),
                                    (13, 'ru', 'Каховський ПДВСКН'),
                                    (14, 'ru', 'Кілійський ПДВСКН'),
                                    (15, 'ru', 'Кіровоградський ПДВСКН'),
                                    (16, 'ru', 'Кодимський ПДВСКН'),
                                    (17, 'ru', 'Котовський ПДВСКН'),
                                    (18, 'ru', 'Красно-Окнянський ПДВСКН'),
                                    (19, 'ru', 'Миколаївський ПДВСКН'),
                                    (20, 'ru', 'Одеський ПДВСКН'),
                                    (21, 'ru', 'Первомайский ПДВСКН'),
                                    (22, 'ru', 'Роздільнянський ПДВСКН'),
                                    (23, 'ru', 'Ренійський ПДВСКН'),
                                    (24, 'ru', 'Скадовський ПДВСКН'),
                                    (25, 'ru', 'Старокозацький ПДВСКН'),
                                    (26, 'ru', 'Вапнярський ПДВСКН'),
                                    (27, 'ru', 'Удобнянський ПДВСКН'),
                                    (28, 'ru', 'Уманський ПДВСКН'),
                                    (29, 'ru', 'Херсонський ПДВСКН'),
                                    (30, 'ru', 'Черкаський ПДВСКН'),
                                    (31, 'ru', 'Шевченківський ПДВСКН'),
                                    (32, 'ru', 'Южненський ПДВСКН');


INSERT INTO `department`(`name`, `parent_id`, `level`) VALUES (1, NULL, 1),
                                                            (2, 1, 2),
                                                            (3, 2, 3),
                                                            (4, 2, 3),
                                                            (5, 2, 3),
                                                            (6, 2, 3),
                                                            (7, 2, 3),
                                                            (8, 2, 3),
                                                            (9, 2, 3),
                                                            (10, 2, 3),
                                                            (11, 2, 3),
                                                            (12, 2, 3),
                                                            (13, 2, 3),
                                                            (14, 2, 3),
                                                            (15, 2, 3),
                                                            (16, 2, 3),
                                                            (17, 2, 3),
                                                            (18, 2, 3),
                                                            (19, 2, 3),
                                                            (20, 2, 3),
                                                            (21, 2, 3),
                                                            (22, 2, 3),
                                                            (23, 2, 3),
                                                            (24, 2, 3),
                                                            (25, 2, 3),
                                                            (26, 2, 3),
                                                            (27, 2, 3),
                                                            (28, 2, 3),
                                                            (29, 2, 3),
                                                            (30, 2, 3),
                                                            (31, 2, 3),
                                                            (32, 2, 3);

-- cargo types
INSERT INTO `stringculture`(`id`, `locale`, `value`) VALUES
(33, 'ru', 'Коні, віслюки, мули та лошаки, живі'),
(34, 'ru', 'Велика рогата худоба жива'),
(35, 'ru', 'Свині живі'),
(36, 'ru', 'Вівці або кози живі'),
(37, 'ru', 'Свійська птиця жива (півні, кури, качки, гуси, індики, індички та цесарки)'),
(38, 'ru', 'Інші тварини живі:'),
(39, 'ru', 'тварини, що поставляються для зоопарків'),
(40, 'ru', 'інші'),
(41, 'ru', 'Яловичина свіжа або охолоджена'),
(42, 'ru', 'Яловичина морожена'),
(43, 'ru', 'Свинина свіжа, охолоджена або морожена'),
(44, 'ru', 'Баранина або козлятина, свіжа, охолоджена або морожена'),
(45, 'ru', 'М''ясо коней (конина), віслюків, мулів або лошаків, свіже, охолоджене або морожене'),
(46, 'ru', 'Субпродукти харчові великої рогатої худоби, свиней, овець, кіз, коней, віслюків, мулів або лошаків, свіжі, охолоджені або морожені'),
(47, 'ru', 'М''ясо та харчові субпродукти свійської птиці товарної позиції 0105, свіжі, охолоджені або морожені'),
(48, 'ru', 'Інші м''ясо та харчові субпродукти, свіжі, охолоджені або морожені:'),
(49, 'ru', 'кролятина або зайчатина'),
(50, 'ru', 'жаб''ячі лапки'),
(51, 'ru', 'інші'),
(52, 'ru', 'Сало без пісних частин, свинячий жир та жир свійської птиці, не витоплені і не виділені іншим способом, свіжі або охолоджені, морожені, солоні або у розсолі, сушені або копчені'),
(53, 'ru', 'М''ясо та харчові субпродукти, солоні або у розсолі, сушені або копчені; харчове борошно з м''яса або субпродуктів'),
(54, 'ru', 'Жива риба:'),
(55, 'ru', 'декоративна риба'),
(56, 'ru', 'інша'),
(57, 'ru', 'морська'),
(58, 'ru', 'Риба свіжа або охолоджена, крім рибного філе та іншого м''яса риб товарної позиції 0304:'),
(59, 'ru', 'інші'),
(60, 'ru', 'інша'),
(61, 'ru', 'Риба морожена, крім рибного філе та іншого м''яса риб товарної позиції 0304'),
(62, 'ru', 'Філе рибне та інше м''ясо риб (включаючи фарш), свіже, охолоджене або морожене'),
(63, 'ru', 'Риба сушена, солона або у розсолі; риба гарячого або холодного копчення; рибні борошно, порошок та гранули, придатні для харчування'),
(64, 'ru', 'Ракоподібні з панцирами або без панцирів, живі, свіжі, охолоджені, морожені, сушені, солоні або у розсолі; ракоподібні у панцирах, варені у воді або на парі, охолоджені або неохолоджені, морожені, сушені, солоні або у розсолі; борошно, порошок та гранули з ракоподібних, придатні для харчування:'),
(65, 'ru', 'креветки'),
(66, 'ru', 'краби'),
(67, 'ru', 'інші, включаючи борошно, порошок та гранули з ракоподібних, придатні для харчування'),
(68, 'ru', 'креветки'),
(69, 'ru', 'краби'),
(70, 'ru', 'інші, включаючи борошно, порошок та гранули з ракоподібних, придатні для харчування'),
(71, 'ru', 'Молюски, відділені або не відділені від черепашок, живі, свіжі, охолоджені, морожені, сушені, солоні або у розсолі; інші водяні безхребетні, крім ракоподібних та молюсків, живі, свіжі, охолоджені, морожені, сушені, солоні або у розсолі; борошно, порошок та гранули з інших водяних безхребетних, крім ракоподібних та молюсків, придатні для харчування:'),
(72, 'ru', 'устриці'),
(73, 'ru', 'живі, свіжі або охолоджені'),
(74, 'ru', 'живі, свіжі або охолоджені'),
(75, 'ru', 'інші'),
(76, 'ru', 'равлики, крім морських'),
(77, 'ru', 'водяні безхребетні інші'),
(78, 'ru', 'інші'),
(79, 'ru', 'Молоко та вершки, незгущені і без додання цукру чи інших підсолоджувальних речовин'),
(80, 'ru', 'Молоко та вершки, згущені або з доданням цукру чи інших підсолоджувальних речовин'),
(81, 'ru', 'Маслянка, коагульовані молоко та вершки, йогурт, кефір та інші ферментовані або сквашені молоко та вершки (бактеріальними заквасками), згущені або незгущені, або з доданням цукру чи інших підсолоджувальних речовин, або ароматизовані чи неароматизовані, або з доданням фруктів, горіхів чи какао'),
(82, 'ru', 'Молочна сироватка, згущена або незгущена, з доданням чи без додання цукру чи інших підсолоджувальних речовин; продукти, які складаються з натуральних компонентів частин молока, з доданням чи без додання цукру чи інших підсолоджувальних речовин, в іншому місці непойменовані'),
(83, 'ru', 'Масло вершкове та інші жири, вироблені з молока; молочні пасти'),
(84, 'ru', 'Сири всіх видів та кисломолочний сир'),
(85, 'ru', 'Яйця птиці у шкаралупі, свіжі, консервовані або варені'),
(86, 'ru', 'Яйця птиці без шкаралупи та яєчні жовтки, свіжі, сушені, варені у воді або на парі, формовані, морожені або консервовані іншим способом, з доданням чи без додання цукру чи інших підсолоджувальних речовин'),
(87, 'ru', 'Мед натуральний'),
(88, 'ru', 'Харчові продукти тваринного походження, в іншому місці непойменовані'),
(89, 'ru', 'Людське волосся необроблене, мите чи немите, або знежирене чи незнежирене; відходи волосся"'),
(90, 'ru', 'Щетина свійських або диких свиней; борсучий волос та інший волос, що використовується для виробництва щіток; відходи щетини або волосу'),
(91, 'ru', 'Кінський волос та його відходи, у тому числі у вигляді полотна, з підосновою чи без неї'),
(92, 'ru', 'Кишки, сечові міхурі та шлунки тварин, цілі або шматками, крім риб''ячих, свіжі, охолоджені, морожені, солоні або у розсолі, сушені або копчені'),
(93, 'ru', 'Шкурки та інші частини птахів, вкриті пір''ям або пухом, пір''я та частини пір''я (обрізані чи необрізані) та пух, очищені або неочищені, дезінфіковані чи оброблені з метою їх збереження, але які не проходили подальшої обробки; порошок та відходи пір''я або частин пір''я'),
(94, 'ru', 'Кістки та роги, необроблені, знежирені, які пройшли первинну обробку (але без надання форми), оброблені кислотою або дежелатиновані; порошок та відходи цих продуктів"'),
(95, 'ru', 'Слонова кістка, черепаховий панцир, вус китовий (включаючи бахрому) або інших морських ссавців, роги, роги оленя, копита, нігті, кігті та дзьоби, необроблені або які пройшли первинну обробку, але без надання форми; порошок та відходи цих матеріалів'),
(96, 'ru', 'Корали та аналогічні матеріали, необроблені або які пройшли первинну обробку; черепашки та панцирі молюсків, ракоподібних чи голкошкірих, кістки каракатиць, необроблені або які пройшли первинну обробку, але без надання форми, порошок та відходи цих матеріалів'),
(97, 'ru', 'Губки натуральні тваринного походження'),
(98, 'ru', 'Амбра сіра, струмина боброва, цівета та мускус; шпанські мушки; жовч, у тому числі суха; залози та інші продукти тваринного походження, що використовуються для виготовлення фармацевтичних засобів, свіжі, охолоджені, морожені або оброблені іншим способом, консервовані'),
(99, 'ru', 'Продукти тваринного походження, не включені до інших угруповань; мертві тварини групи 01 або 03, непридатні для харчування'),
(100, 'ru', 'Солома та полова зернових, необроблені, подрібнені або неподрібнені, розмелені або нерозмелені, пресовані або у вигляді таблеток'),
(101, 'ru', 'Бруква кормова, буряк кормовий, кормові коренеплоди, сіно, люцерна, конюшина, еспарцет, капуста кормова, люпин, вика та аналогічні кормові продукти, пресовані у вигляді таблеток або непресовані'),
(102, 'ru', 'Матеріали рослинного походження, що використовуються головним чином для виробництва віників або мітел (наприклад сорго, п''ясава, пирій, істль), у в''язках, пучках або жмутах'),
(103, 'ru', 'Жир свинячий (включаючи топлене сало) та жир свійської птиці, крім жиру товарної позиції 0209 або1503'),
(104, 'ru', 'Жир великої рогатої худоби, овечий або козячий, крім жиру товарної позиції 1503'),
(105, 'ru', 'Лярд-стеарин, смалець, олеостеарин, олеомаргарин та масло тварин, не емульговані, не змішані, не приготовлені іншим способом'),
(106, 'ru', 'Жири і масла та їх фракції з риби або морських ссавців, рафіновані або нерафіновані, але без зміни їх хімічного складу'),
(107, 'ru', 'Жир з овечого випоту (жиропіт) та побічні жирові речовини, включаючи ланолін'),
(108, 'ru', 'Інші тваринні жири і масла та їх фракції, рафіновані або нерафіновані, але без зміни їх хімічного складу'),
(109, 'ru', 'Жири і масла тваринні або рослинні та їх фракції, частково або повністю гідрогенізовані, інтеретерифіковані, реетерифіковані або елаїдинізовані, рафіновані або нерафіновані, але не піддані подальшій обробці'),
(110, 'ru', 'Маргарин; харчові суміші або продукти з тваринних та рослинних жирів, масел та олій або фракцій жирів, масел чи олій з цієї групи, крім харчових жирів і масел та їх фракцій товарної позиції 1516'),
(111, 'ru', 'Жири і олії тваринні або рослинні та їх фракції, варені, окислені, зневоднені, оброблені сірчаною кислотою, окислені струменем повітря або хімічно модифіковані, крім продуктів товарної позиції 1516; нехарчові суміші або продукти з тваринних або рослинних жирів, масел та олій або фракцій різних жирів, масел чи олій з цієї групи, не включені до інших угруповань'),
(112, 'ru', 'Воски рослинні (крім тригліцеридів), віск бджолиний та воски і спермацети інших комах, рафіновані чи нерафіновані або пофарбовані чи непофарбовані'),
(113, 'ru', 'Дегра; залишки після обробки жирових речовин або воску тваринного чи рослинного походження'),
(114, 'ru', 'Сосиски, ковбаси та аналогічні вироби з м''яса, м''ясних субпродуктів чи крові; готові харчові продукти, виготовлені на основі цих виробів'),
(115, 'ru', 'Готові чи консервовані продукти з м''яса, м''ясних субпродуктів або крові, інші'),
(116, 'ru', 'Екстракти та соки з м''яса, риби або ракоподібних, молюсків чи інших водяних безхребетних'),
(117, 'ru', 'Готова або консервована риба; ікра осетрових (чорна ікра) та її замінники, виготовлені з ікри інших риб'),
(118, 'ru', 'Готові або консервовані ракоподібні, молюски та інші водяні безхребетні'),
(119, 'ru', 'Патока [меляса], одержана внаслідок екстракції або рафінування цукру'),
(120, 'ru', 'Супи чи бульйони готові і заготовки для їх приготування; гомогенізовані складені харчові продукти'),
(121, 'ru', 'Морозиво та інші види харчового льоду, що містять або не містять какао'),
(122, 'ru', 'Борошно, крупи та гранули з м''яса або м''ясних субпродуктів, риби або ракоподібних, молюсків чи інших водяних безхребетних, не придатні для споживання; шкварки'),
(123, 'ru', 'Висівки, кормове борошно та інші відходи від просіювання, мелення або інших способів обробки зерна зернових або бобових культур, гранульовані чи негранульовані'),
(124, 'ru', 'Відходи виробництва крохмалю та аналогічні відходи, бурякова макуха, макуха цукрової тростини та інші відходи виробництва цукру, барда та інші відходи пивоваріння і винокуріння, гранульовані або негранульовані'),
(125, 'ru', 'Макуха та інші тверді відходи, одержані під час добування соєвої олії, мелені або немелені, негранульовані або гранульовані'),
(126, 'ru', 'Макуха та інші тверді відходи, одержані під час добування арахісової олії, мелені або немелені, негранульовані або гранульовані'),
(127, 'ru', 'Макуха та інші тверді відходи, одержані під час добування рослинних жирів та олій, за винятком відходів товарної позиції 2304 або 2305, пресовані у брикети, мелені або немелені, негранульовані або гранульовані'),
(128, 'ru', 'Продукти рослинного походження і рослинні відходи, рослинні залишки і аналогічні продукти, негранульовані або гранульовані, що використовуються для годівлі тварин, не включені до інших угруповань'),
(129, 'ru', 'Продукти, що використовуються для годівлі тварин:'),
(130, 'ru', 'буряковий жом з доданням меляси'),
(131, 'ru', 'Залози та інші органи, призначені для органотерапевтичних цілей, висушені, подрібнені або не подрібнені у порошок; екстракти залоз або інших органів або їх секретів, призначені для органотерапевтичних цілей; гепарин та його солі; інші речовини людського або тваринного походження, призначені для терапевтичного або профілактичного застосування, не включені до інших угруповань'),
(132, 'ru', 'Кров людей; кров тварин, приготовлена для терапевтичного, профілактичного або діагностичного застосування; сироватки імунні (антисироватки), інші фракції крові та модифіковані імунологічні продукти, у тому числі одержані біотехнологічними процесами; вакцини, токсини, культури мікроорганізмів (крім дріжджів) та аналогічна продукція:'),
(133, 'ru', 'культури мікроорганізмів'),
(134, 'ru', 'Лікарські засоби [ліки] (за винятком товарів, включених до товарних позицій 3002, 3005 або 3006), що містять змішані продукти для терапевтичного або профілактичного застосування, але не у дозованому вигляді і не розфасовані для роздрібної торгівлі:'),
(135, 'ru', 'інші лікарські засоби, що містять вітаміни або інші сполуки товарної позиції 2936'),
(136, 'ru', 'Добрива тваринного або рослинного походження, у суміші або ні, піддані хімічній обробці або ні; добрива, одержані у результаті змішування або хімічної обробки речовин тваринного або рослинного походження'),
(137, 'ru', 'Казеїн, казеїнати та інші похідні казеїнів; казеїнові клеї'),
(138, 'ru', 'Альбуміни (білки), включаючи концентрати з кількох сироваткових білків з вмістом понад 80 мас.% сироваткових білків у перерахунку на суху речовину; альбумінати та інші похідні альбумінів'),
(139, 'ru', 'Желатин (включаючи вироблений у формі квадратних або прямокутних листків, з поверхневою обробкою або без обробки, забарвлений або незабарвлений) та його похідні; риб''ячий клей; інші клеї тваринного походження, за винятком казеїнових клеїв товарної позиції 3501'),
(140, 'ru', 'Пептони та їх похідні; інші білкові речовини та їх похідні, не включені до інших угруповань; порошок із шкіри, оброблений чи не оброблений хромом'),
(141, 'ru', 'Шкури необроблені великої рогатої худоби або тварин родини конячих (свіжі або солоні, сушені, оброблені вапном, протравлені чи консервовані іншим способом, але не дублені, не вироблені під пергамент і не піддані подальшій обробці), з волосяним покровом або без волосяного покрову, спілок або неспілок'),
(142, 'ru', 'Необроблені шкури овець або шкурки ягнят (свіжі або солоні, сушені, оброблені вапном, зольні, пікельовані чи консервовані іншим способом, але не дублені, не вироблені під пергамент і не піддані подальшій обробці), з вовняним покровом або без вовняного покрову, спілок або неспілок, крім зазначених у примітці 1в до цієї групи'),
(143, 'ru', 'Інші шкури та шкіри необроблені (шкірсировина) (свіжа або солона, сушена, оброблена вапном, зольна, пікельована чи консервована іншим способом, але не дублена, не вироблена під пергамент і не піддана подальшій обробці), з волосяним покровом або без волосяного покрову, спілок або неспілок, крім зазначених у примітках 1б або 1в до цієї групи'),
(144, 'ru', 'Шкіра із шкур овець чи шкурок ягнят, без вовняного покрову, крім шкіри товарної позиції 4108 або 4109'),
(145, 'ru', 'Шкіра із шкур кіз чи шкурок козенят, без волосяного покрову, крім шкіри товарної позиції 4108 або 4109'),
(146, 'ru', 'Вироби з кишок тварин (крім кетгуту з натурального шовку), шлунків, сечових міхурів або сухожиль'),
(147, 'ru', 'Сировина пухо-хутрова (включаючи голови, хвости, лапи та інші обрізки, придатні для використання у виробництві хутрових виробів), крім шкірсировини та шкур товарних позицій 4101, 4102 або 4103'),
(148, 'ru', 'Вовна, не піддана кардо- або гребенечесанню'),
(149, 'ru', 'Тонкий чи грубий волос тварин, не підданий кардо-або гребенечесанню'),
(150, 'ru', 'Шкурки та інші частини птахів, вкриті пір''ям або пухом, частини пір''я, пух та вироби з цих матеріалів (крім виробів товарної позиції 0505 та оброблених стрижнів пір''я)');

INSERT INTO `cargo_type`(`name`, `ukt_zed_code`) VALUES
(33, '0101'),
(34, '0102'),
(35, '0103'),
(36, '0104'),
(37, '0105'),
(38, '010600'),
(39, '0106009010'),
(40, '010609090'),
(41, '0201'),
(42, '0202'),
(43, '0203'),
(44, '0204'),
(45, '020500'),
(46, '0206'),
(47, '0207'),
(48, '0208'),
(49, '020810'),
(50, '0208200000'),
(51, '020890'),
(52, '020900'),
(53, '0210'),
(54, '0301'),
(55, '030110'),
(56, '030191900'),
(57, '0301999000'),
(58, '0302'),
(59, '0302190000'),
(60, '0302691900'),
(61, '0303'),
(62, '0304'),
(63, '0305'),
(64, '0306'),
(65, '030613'),
(66, '030614'),
(67, '030619'),
(68, '030623'),
(69, '030624'),
(70, '030629'),
(71, '0307'),
(72, '030710'),
(73, '0307210000'),
(74, '030731'),
(75, '030739'),
(76, '0307600000'),
(77, '0307991800'),
(78, '0307999000'),
(79, '0401'),
(80, '0402'),
(81, '0403'),
(82, '0404'),
(83, '0405'),
(84, '0406'),
(85, '040700'),
(86, '0408'),
(87, '0409000000'),
(88, '0410000000'),
(89, '0501000000'),
(90, '0502'),
(91, '0503000000'),
(92, '0504000000'),
(93, '0505'),
(94, '0506'),
(95, '0507'),
(96, '0508000000'),
(97, '050900'),
(98, '051000000'),
(99, '0511'),
(100, '1213000000'),
(101, '1214'),
(102, '1403'),
(103, '150100'),
(104, '150200'),
(105, '150300'),
(106, '1504'),
(107, '1505'),
(108, '1506000000'),
(109, '1516'),
(110, '1517'),
(111, '151800'),
(112, '1521'),
(113, '152200'),
(114, '160100'),
(115, '1602'),
(116, '160300'),
(117, '1604'),
(118, '1605'),
(119, '1703'),
(120, '2104'),
(121, '210500'),
(122, '2301'),
(123, '2302'),
(124, '2303'),
(125, '2304000000'),
(126, '2305000000'),
(127, '2306'),
(128, '2308'),
(129, '2309'),
(130, '2309909100'),
(131, '3001'),
(132, '3002'),
(133, '3002905000'),
(134, '3003'),
(135, '300450'),
(136, '3101000000'),
(137, '3501'),
(138, '3502'),
(139, '350300'),
(140, '3504000000'),
(141, '4101'),
(142, '4102'),
(143, '4103'),
(144, '4105'),
(145, '4106'),
(146, '4206'),
(147, '4301'),
(148, '5101'),
(149, '5102'),
(150, '6701000000');

INSERT INTO `passing_border_point`(`name`, `department_id`) VALUES

('Пункт 3.1', 3),('Пункт 3.2', 3),('Пункт 3.3', 3),
('Пункт 4.1', 4),('Пункт 4.2', 4),('Пункт 4.3', 4),
('Пункт 5.1', 5),('Пункт 5.2', 5),('Пункт 5.3', 5),
('Пункт 6.1', 6),('Пункт 6.2', 6),('Пункт 6.3', 6),
('Пункт 7.1', 7),('Пункт 7.2', 7),('Пункт 7.3', 7),
('Пункт 8.1', 8),('Пункт 8.2', 8),('Пункт 8.3', 8),
('Пункт 9.1', 9),('Пункт 9.2', 9),('Пункт 9.3', 9),
('Пункт 10.1', 10),('Пункт 10.2', 10),('Пункт 10.3', 10),
('Пункт 11.1', 11),('Пункт 11.2', 11),('Пункт 11.3', 11),
('Пункт 12.1', 12),('Пункт 12.2', 12),('Пункт 12.3', 12),
('Пункт 13.1', 13),('Пункт 13.2', 13),('Пункт 13.3', 13),
('Пункт 14.1', 14),('Пункт 14.2', 14),('Пункт 14.3', 14),
('Пункт 15.1', 15),('Пункт 15.2', 15),('Пункт 15.3', 15),
('Пункт 16.1', 16),('Пункт 16.2', 16),('Пункт 16.3', 16),
('Пункт 17.1', 17),('Пункт 17.2', 17),('Пункт 17.3', 17),
('Пункт 18.1', 18),('Пункт 18.2', 18),('Пункт 18.3', 18),
('Пункт 19.1', 19),('Пункт 19.2', 19),('Пункт 19.3', 19),
('Пункт 20.1', 20),('Пункт 20.2', 20),('Пункт 20.3', 20),
('Пункт 21.1', 21),('Пункт 21.2', 21),('Пункт 21.3', 21),
('Пункт 22.1', 22),('Пункт 22.2', 22),('Пункт 22.3', 22),
('Пункт 23.1', 23),('Пункт 23.2', 23),('Пункт 23.3', 23),
('Пункт 24.1', 24),('Пункт 24.2', 24),('Пункт 24.3', 24),
('Пункт 25.1', 25),('Пункт 25.2', 25),('Пункт 25.3', 25),
('Пункт 26.1', 26),('Пункт 26.2', 26),('Пункт 26.3', 26),
('Пункт 27.1', 27),('Пункт 27.2', 27),('Пункт 27.3', 27),
('Пункт 28.1', 28),('Пункт 28.2', 28),('Пункт 28.3', 28),
('Пункт 29.1', 29),('Пункт 29.2', 29),('Пункт 29.3', 29),
('Пункт 30.1', 30),('Пункт 30.2', 30),('Пункт 30.3', 30),
('Пункт 31.1', 31),('Пункт 31.2', 31),('Пункт 31.3', 31),
('Пункт 32.1', 32),('Пункт 32.2', 32),('Пункт 32.3', 32);

INSERT INTO `stringculture`(`id`, `locale`, `value`) VALUES (151, 'ru', 'Администратор'),
                                    (151, 'en', 'Administrator'),
                                    (152, 'ru', 'Лікар вет.медицини'),
                                    (153, 'ru', 'Провідний лікар вет.медицини'),
                                    (154, 'ru', 'Начальник пункта'),
                                    (155, 'ru', 'Начальник віддела'),
                                    (156, 'ru', 'Начальник региональной служби'),
                                    (157, 'ru', 'Перший заступник начальника региональной служби'),
                                    (158, 'ru', 'Заступник начальника региональной служби');

-- job
INSERT INTO `job`(`id`, `name`) VALUES (1,151),(2,152),(3,153),(4,154),(5,155),(6,156),(7,157),(8,158);

-- customs point
INSERT INTO `stringculture`(`id`, `locale`, `value`) VALUES 
(159, 'ru', 'центральна'), (160, 'ru', 'западна'), (161, 'ru', 'східна'), (162, 'ru', 'південна'), (163, 'ru', 'кримська');

INSERT INTO customs_point(`id`, `name`) VALUES
(1, 159), (2, 160), (3, 161), (4, 162), (5, 163);


UPDATE `generator` SET `generatorValue` = 163 WHERE `generatorName` = 'books';

